<metadata><idinfo><citation><citeinfo><origin>Iowa Department of Natural Resources</origin><pubdate>20150227</pubdate><title>Selected Iowa Lakes Bathymetry</title><edition>20150227</edition><geoform>Vector Digital Data Set (Polyline)</geoform><onlink>http://www.igsb.uiowa.edu/nrgislibx/</onlink></citeinfo></citation><descript><abstract>This coverage contains 1 foot contours of Iowa lakes.  The data is for state managed lakes in Iowa and was collected from multiple sources.</abstract><purpose>This digital, geographically referenced data set was developed by the IowaDepartment of Natural Resources to carry out agency responsibilities related to managing Iowa's natural resources.</purpose></descript><timeperd><timeinfo><sngdate><caldate>2014</caldate></sngdate></timeinfo><current>ground condition</current></timeperd><status><progress>In work</progress><update>Annually</update></status><spdom><bounding><westbc>-96.476593206</westbc><eastbc>-90.601106497</eastbc><northbc>43.497800544</northbc><southbc>40.585026761</southbc></bounding></spdom><keywords><theme><themekt>ISO 19115 Topic Category</themekt><themekey>elevation</themekey></theme><theme><themekt>None</themekt><themekey>Bathymetry</themekey></theme><place><placekt>GNIS</placekt><placekey>Iowa</placekey></place></keywords><accconst>None</accconst><useconst>This data should not be used for navigational purposes.  The development of the coverages in the NRGIS Library represents a majorinvestment of staff time and effort.  As a professional responsibility, the IowaDNR expects to receive proper credit when these GIS coverages are utilized.The Department also expects that the original documentation will remain withany redistribution of these coverages.</useconst><ptcontac><cntinfo><cntperp><cntper>Lewis Bruce</cntper><cntorg>Iowa Department of Natural Resources</cntorg></cntperp><cntvoice>712-769-2587</cntvoice><cntemail>lewis.bruce@dnr.iowa.gov</cntemail><cntaddr><addrtype>mailing and physical address</addrtype><address>57744 Lewis Road</address><city>Lewis</city><state>IA</state><postal>51544</postal></cntaddr></cntinfo></ptcontac><datacred>Iowa DNR Fisheries staff.</datacred><secinfo><secsys>State of Iowa Enterprise Data Classification Standard</secsys><secclass>public</secclass></secinfo><native>Environment as of Metadata Creation: Microsoft Windows 7 Version 6.1 (Build 7601) Service Pack 1; ESRI ArcCatalog 10.2 (Build 3348) Service Pack [N/A] (Build [N/A])</native></idinfo><dataqual><attracc><attraccr>No formal accuracy report was performed.</attraccr></attracc><logic>No formal logical consistency report was performed.</logic><complete>Only selected publicly-owned lakes in Iowa have had data collected for bathymetry.</complete><posacc><horizpa><horizpar>No formal accuracy report was performed.</horizpar></horizpa><vertacc><vertaccr>A formal accuracy assessment of the vertical positional information in the data set has either not been conducted, or is not applicable.</vertaccr></vertacc></posacc><lineage><procstep><procdesc>Lakes were surveyed using single beam hydro-acoustic equipment.  Each depth record contains an X, Y, and Z field.  The Z field is depth recorded in feet and is adjusted to full pool elevation of each lake. This point file was then used to create raster and contour files in ArcGIS software:
Bathymetry Data Processing Steps – 1ft Contour GenerationUse rgrid in each lake folder to regenerate contours and lake shoreline files in original lake folders for clipping.1)	Spatial Analyst – Neighborhood Tool, Focal Statistics, Rectangle, 32)	3-D Analyst, Raster Surface, Contour, 1 ft interval, accept default3)	Cartography Tools, Generalization, Smooth Line, PAEK, 5 meter4)	Clip to remove contours outside of Shoreline file (use shoreline file)5)	Add field called LakeCode, text, 5a.	Three letter lake code and 2 number county code (e.g., ANI15)6)	Generate final merged lake contour</procdesc></procstep></lineage></dataqual><spdoinfo><direct>Vector</direct><ptvctinf><esriterm Name="lakes_bathymetry"><efeatyp Sync="TRUE">Simple</efeatyp><efeageom code="3" Sync="TRUE"/><esritopo Sync="TRUE">FALSE</esritopo><efeacnt Sync="TRUE">4887</efeacnt><spindex Sync="TRUE">TRUE</spindex><linrefer Sync="TRUE">TRUE</linrefer></esriterm></ptvctinf></spdoinfo><spref><horizsys><planar><planci><plance>coordinate pair</plance><coordrep><absres>0.6096</absres><ordres>0.6096</ordres></coordrep><plandu>Meter</plandu></planci></planar><geodetic><horizdn>D_North_American_1983</horizdn><ellips>GRS_1980</ellips><semiaxis>6378137.0</semiaxis><denflat>298.257222101</denflat></geodetic></horizsys></spref><eainfo><detailed Name="lakes_bathymetry"><enttyp><enttypl>Attribute Table</enttypl><enttypd>Table containing attribute information associated with the data set.</enttypd><enttypds>Producer defined</enttypds><enttypt Sync="TRUE">Feature Class</enttypt><enttypc Sync="TRUE">4887</enttypc></enttyp><attr><attrlabl Sync="TRUE">FID</attrlabl><attalias Sync="TRUE">FID</attalias><attrtype Sync="TRUE">OID</attrtype><attwidth Sync="TRUE">4</attwidth><atprecis Sync="TRUE">0</atprecis><attscale Sync="TRUE">0</attscale><attrdef Sync="TRUE">Internal feature number.</attrdef><attrdefs Sync="TRUE">Esri</attrdefs><attrdomv><udom Sync="TRUE">Sequential unique whole numbers that are automatically generated.</udom></attrdomv></attr><attr><attrlabl Sync="TRUE">Shape</attrlabl><attalias Sync="TRUE">Shape</attalias><attrtype Sync="TRUE">Geometry</attrtype><attwidth Sync="TRUE">0</attwidth><atprecis Sync="TRUE">0</atprecis><attscale Sync="TRUE">0</attscale><attrdef Sync="TRUE">Feature geometry.</attrdef><attrdefs Sync="TRUE">Esri</attrdefs><attrdomv><udom Sync="TRUE">Coordinates defining the features.</udom></attrdomv></attr><attr><attrlabl>CONTOUR</attrlabl><attrdef>The contour elevatio,n in feet, below normal lake elevation</attrdef><attrdefs>Producer defined</attrdefs><attrdomv><rdom><rdommin>1</rdommin><rdommax>81</rdommax></rdom></attrdomv><attalias Sync="TRUE">CONTOUR</attalias><attrtype Sync="TRUE">Double</attrtype><attwidth Sync="TRUE">19</attwidth><atprecis Sync="TRUE">0</atprecis><attscale Sync="TRUE">0</attscale></attr><attr><attrlabl Sync="TRUE">Lake_Name</attrlabl><attalias Sync="TRUE">Lake_Name</attalias><attrtype Sync="TRUE">String</attrtype><attwidth Sync="TRUE">60</attwidth><atprecis Sync="TRUE">0</atprecis><attscale Sync="TRUE">0</attscale></attr><attr><attrlabl Sync="TRUE">County</attrlabl><attalias Sync="TRUE">County</attalias><attrtype Sync="TRUE">String</attrtype><attwidth Sync="TRUE">50</attwidth><atprecis Sync="TRUE">0</atprecis><attscale Sync="TRUE">0</attscale></attr><attr><attrlabl>LakeCode</attrlabl><attrdef>Lake code, as defined by the DNR Fisheries section</attrdef><attrdefs>Producer defined</attrdefs><attrdomv><udom>Unknown</udom></attrdomv><attalias Sync="TRUE">lakeCode</attalias><attrtype Sync="TRUE">String</attrtype><attwidth Sync="TRUE">254</attwidth><atprecis Sync="TRUE">0</atprecis><attscale Sync="TRUE">0</attscale></attr><attr><attrlabl Sync="TRUE">Shape_STLe</attrlabl><attalias Sync="TRUE">Shape_STLe</attalias><attrtype Sync="TRUE">Double</attrtype><attwidth Sync="TRUE">19</attwidth><atprecis Sync="TRUE">0</atprecis><attscale Sync="TRUE">0</attscale></attr></detailed><overview><eaover>The entity and attribute information provided here describes the tabular data associated with the data set. Please review the detailed descriptions that are provided (the individual attribute descriptions) for information on the values that appear as fields/table entries of the data set.</eaover><eadetcit>The entity and attribute information was generated by the individual and/or agency identified as the originator of the data set. Please review the rest of the metadata record for additional details and information.</eadetcit></overview></eainfo><distinfo><distrib><cntinfo><cntorgp><cntorg>Department of Natural Resources</cntorg></cntorgp><cntaddr><addrtype>mailing address</addrtype><address>502 East 14th St.</address><city>Des Moines</city><state>IA</state><postal>50138</postal></cntaddr></cntinfo></distrib><resdesc>Downloadable Data</resdesc><distliab>Although efforts have been made in correcting errors in order to make this information usefulto the Department, the Department assumes no responsibility for errors in the information.Similarly, the Department assumes no responsibility for the consequences of inappropriate usesor interpretations of the data made by anyone to whom this data has been made available.The Department bears no responsibility to inform users of any changes made to this data.Anyone using this data is advised that precision implied by the coverage may far exceedactual precision.  Comments on this data are invited and the Department would appreciatethat documented errors be brought to staff attention.</distliab><stdorder><digform><digtinfo><formname>Vector Digital Data Set (Polyline)</formname><transize>141.073</transize></digtinfo><digtopt><onlinopt><computer><networka><networkr>ftp://ftp.igsb.uiowa.edu/gis_library/ia_state/elevation/bathymetry/lakes_bathymetry.zip</networkr></networka></computer><accinstr>Click on link provided.</accinstr></onlinopt></digtopt></digform><fees>None</fees><ordering>Click on web address provided.</ordering><turnarnd>Immediate</turnarnd></stdorder><availabl><timeinfo><sngdate><caldate>365 days/year</caldate><time>24 hours/day</time></sngdate></timeinfo></availabl></distinfo><metainfo><metd>20150227</metd><metc><cntinfo><cntorgp><cntorg>Department of Natural Resources</cntorg><cntper>NRGIS Librarian</cntper></cntorgp><cntaddr><addrtype>Mailing and Physical</addrtype><address>109 Trowbridge Hall</address><city>Iowa City</city><state>IA</state><postal>52242-1319</postal></cntaddr><cntvoice>319-335-1353</cntvoice><cntemail>gis_library@igsb.uiowa.edu</cntemail></cntinfo></metc><metstdn>FGDC Content Standards for Digital Geospatial Metadata</metstdn><metstdv>FGDC-STD-001-1998</metstdv><mettc>local time</mettc><metac>None</metac><metuc>None</metuc><metextns><onlink>http://www.esri.com/metadata/esriprof80.html</onlink><metprof>ESRI Metadata Profile</metprof></metextns></metainfo><dataIdInfo><envirDesc Sync="TRUE">Microsoft Windows 7 Version 6.1 (Build 7601) Service Pack 1; Esri ArcGIS 10.5.0.6491</envirDesc><dataLang><languageCode value="eng" Sync="TRUE"/><countryCode value="USA" Sync="TRUE"/></dataLang><idCitation xmlns=""><resTitle Sync="FALSE">Selected Iowa Lakes Bathymetry</resTitle><presForm xmlns=""><PresFormCd value="005" Sync="TRUE"/></presForm><date><pubDate>2019-04-02</pubDate></date></idCitation><spatRpType><SpatRepTypCd value="001" Sync="TRUE"/></spatRpType><dataExt xmlns=""><geoEle xmlns=""><GeoBndBox esriExtentType="search"><exTypeCode Sync="TRUE">1</exTypeCode><westBL Sync="TRUE">-96.477852</westBL><eastBL Sync="TRUE">-90.358229</eastBL><northBL Sync="TRUE">43.520167</northBL><southBL Sync="TRUE">40.550029</southBL></GeoBndBox></geoEle></dataExt><idPurp>This digital, geographically referenced data set was developed by the IowaDepartment of Natural Resources to carry out agency responsibilities related to managing Iowa's natural resources.</idPurp><idAbs>This coverage contains 1 foot contours of Iowa lakes.  The data is for state managed lakes in Iowa and was collected from multiple sources.</idAbs><idCredit>Iowa DNR Fisheries staff.</idCredit><searchKeys><keyword>elevation</keyword><keyword>Bathymetry</keyword></searchKeys><resConst><Consts><useLimit>This data should not be used for navigational purposes.</useLimit></Consts></resConst><placeKeys xmlns=""><thesaName xmlns=""><resTitle>EPA Place Names</resTitle><date><pubDate>2015-01-31</pubDate></date><citOnlineRes xmlns=""><linkage>https://ofmpub.epa.gov/sor_internet/registry/termreg/searchandretrieve/taxonomies/search.do?search=&amp;searchString=&amp;taxonomyName=WBT%20-%20Geographic%20Locations</linkage><orFunct><OnFunctCd value="002"></OnFunctCd></orFunct><orName>Web Taxonomy - Geographic Locations</orName></citOnlineRes></thesaName><thesaLang><languageCode value="eng"></languageCode><countryCode value="US"></countryCode></thesaLang><keyword>Iowa</keyword></placeKeys><idPoC xmlns=""><rpIndName>GIS Administrator</rpIndName><rpOrgName>Iowa Department of Natural Resources</rpOrgName><role><RoleCd value="010"></RoleCd></role><rpCntInfo xmlns=""><cntAddress addressType=""><eMailAdd>casey.kohrt@dnr.iowa.gov</eMailAdd></cntAddress></rpCntInfo></idPoC><tpCat><TopicCatCd value="006"/></tpCat><tpCat><TopicCatCd value="012"/></tpCat></dataIdInfo><mdLang><languageCode value="eng" Sync="TRUE"/><countryCode value="USA" Sync="TRUE"/></mdLang><Esri><DataProperties><itemProps><itemName Sync="TRUE">lakes_bathymetry</itemName><imsContentType Sync="TRUE" export="False">002</imsContentType><nativeExtBox><westBL Sync="TRUE">218673.993100</westBL><eastBL Sync="TRUE">713612.843800</eastBL><southBL Sync="TRUE">4494113.755700</southBL><northBL Sync="TRUE">4818581.075900</northBL><exTypeCode Sync="TRUE">1</exTypeCode></nativeExtBox><itemSize Sync="TRUE">116.972</itemSize><itemLocation><linkage Sync="TRUE">file://\\IIHR-IGS11\D$\Library\lakes_bathymetry.shp</linkage><protocol Sync="TRUE">Local Area Network</protocol></itemLocation></itemProps><coordRef><type Sync="TRUE">Projected</type><geogcsn Sync="TRUE">GCS_North_American_1983</geogcsn><csUnits Sync="TRUE">Linear Unit: Meter (1.000000)</csUnits><projcsn Sync="TRUE">NAD_1983_UTM_Zone_15N</projcsn><peXml Sync="TRUE">&lt;ProjectedCoordinateSystem xsi:type='typens:ProjectedCoordinateSystem' xmlns:xsi='http://www.w3.org/2001/XMLSchema-instance' xmlns:xs='http://www.w3.org/2001/XMLSchema' xmlns:typens='http://www.esri.com/schemas/ArcGIS/10.5'&gt;&lt;WKT&gt;PROJCS[&amp;quot;NAD_1983_UTM_Zone_15N&amp;quot;,GEOGCS[&amp;quot;GCS_North_American_1983&amp;quot;,DATUM[&amp;quot;D_North_American_1983&amp;quot;,SPHEROID[&amp;quot;GRS_1980&amp;quot;,6378137.0,298.257222101]],PRIMEM[&amp;quot;Greenwich&amp;quot;,0.0],UNIT[&amp;quot;Degree&amp;quot;,0.0174532925199433]],PROJECTION[&amp;quot;Transverse_Mercator&amp;quot;],PARAMETER[&amp;quot;False_Easting&amp;quot;,500000.0],PARAMETER[&amp;quot;False_Northing&amp;quot;,0.0],PARAMETER[&amp;quot;Central_Meridian&amp;quot;,-93.0],PARAMETER[&amp;quot;Scale_Factor&amp;quot;,0.9996],PARAMETER[&amp;quot;Latitude_Of_Origin&amp;quot;,0.0],UNIT[&amp;quot;Meter&amp;quot;,1.0],AUTHORITY[&amp;quot;EPSG&amp;quot;,26915]]&lt;/WKT&gt;&lt;XOrigin&gt;-5120900&lt;/XOrigin&gt;&lt;YOrigin&gt;-9998100&lt;/YOrigin&gt;&lt;XYScale&gt;450445547.3910538&lt;/XYScale&gt;&lt;ZOrigin&gt;-100000&lt;/ZOrigin&gt;&lt;ZScale&gt;10000&lt;/ZScale&gt;&lt;MOrigin&gt;-100000&lt;/MOrigin&gt;&lt;MScale&gt;10000&lt;/MScale&gt;&lt;XYTolerance&gt;0.001&lt;/XYTolerance&gt;&lt;ZTolerance&gt;0.001&lt;/ZTolerance&gt;&lt;MTolerance&gt;0.001&lt;/MTolerance&gt;&lt;HighPrecision&gt;true&lt;/HighPrecision&gt;&lt;WKID&gt;26915&lt;/WKID&gt;&lt;LatestWKID&gt;26915&lt;/LatestWKID&gt;&lt;/ProjectedCoordinateSystem&gt;</peXml></coordRef></DataProperties><SyncDate>20190402</SyncDate><SyncTime>13310900</SyncTime><ModDate>20190402</ModDate><ModTime>13354400</ModTime><scaleRange><minScale>150000000</minScale><maxScale>5000</maxScale></scaleRange><ArcGISFormat>1.0</ArcGISFormat><ArcGISProfile>NAP</ArcGISProfile></Esri><distInfo xmlns=""><distFormat xmlns=""><formatName Sync="TRUE">Shapefile</formatName><formatVer>9.5.1</formatVer></distFormat><distTranOps xmlns=""><transSize Sync="TRUE">116.972</transSize></distTranOps></distInfo><mdHrLv><ScopeCd value="005" Sync="TRUE"/></mdHrLv><mdHrLvName Sync="TRUE">dataset</mdHrLvName><refSysInfo><RefSystem dimension="horizontal"><refSysID xmlns=""><identCode code="26915" Sync="TRUE"/><idCodeSpace Sync="TRUE">EPSG</idCodeSpace><idVersion Sync="TRUE">6.13(3.0.1)</idVersion></refSysID></RefSystem></refSysInfo><spatRepInfo><VectSpatRep><geometObjs Name="lakes_bathymetry"><geoObjTyp><GeoObjTypCd value="002" Sync="TRUE"/></geoObjTyp><geoObjCnt Sync="TRUE">4887</geoObjCnt></geometObjs><topLvl><TopoLevCd value="001" Sync="TRUE"/></topLvl></VectSpatRep></spatRepInfo><mdDateSt Sync="FALSE">2019-04-02</mdDateSt><mdMaint xmlns=""><maintFreq><MaintFreqCd value="010"></MaintFreqCd></maintFreq></mdMaint></metadata>
